{"params": {"T0": 1.5, "T1": 0.8744771377864016, "T2": 0.8518055339804849, "T3": 0.39995554926226934, "T4": 0.10000000000000002, "T5": 0.37030773508186837, "T6": 0.16209998717558577, "T7": 0.6594390993523797, "T8": 0.5696789801166887, "T9": 0.22305151848627647, "T10": 0.4854616795820171, "T11": 0.27542884974045384, "T12": 0.10000000000000002, "T13": 0.7629496566838394, "T14": 0.11330232076336655, "T15": 0.10000000000000002, "T16": 0.10000000000000002, "T17": 0.10000000000000002, "T18": 0.10000000000000002, "T19": 0.3718975616828675, "T20": 0.4265280574822083}, "target": 0.08742007027359926}