{"params": {"T0": 131.17016534180206, "T1": 131.17016534180206, "T2": 131.17016534180206, "T3": 131.17016534180206, "T4": 131.17016534180206, "T5": 131.17016534180206, "T6": 131.17016534180206, "T7": 131.17016534180206, "T8": 131.17016534180206, "T9": 131.17016534180206, "T10": 131.17016534180206, "T11": 131.17016534180206, "T12": 131.17016534180206, "T13": 131.17016534180206, "T14": 131.17016534180206, "T15": 131.17016534180206, "T16": 131.17016534180206, "T17": 131.17016534180206, "T18": 131.17016534180206, "T19": 131.17016534180206, "T20": 131.17016534180206}, "target": 0.23386791765548215}