{"params": {"T0": 1.5, "T1": 0.6965931521734355, "T2": 1.0729043988129996, "T3": 0.30539514929993933, "T4": 1.5, "T5": 0.37803269530676914, "T6": 0.10000000000000002, "T7": 0.3785253268852709, "T8": 0.27824311586902045, "T9": 0.15097921381501503, "T10": 0.6086490226223851, "T11": 0.22198147484571662, "T12": 0.10000000000000002, "T13": 0.5890109133703635, "T14": 0.2823271929907588, "T15": 0.10000000000000002, "T16": 0.23725241153065543, "T17": 0.2044989640257831, "T18": 0.10000000000000002, "T19": 0.13863525549092176, "T20": 0.4440360021846943}, "target": 0.0701568422591666}