{"params": {"T0": 1.0095377382003778, "T1": 1.0095377382003778, "T2": 1.0095377382003778, "T3": 1.0095377382003778, "T4": 1.0095377382003778, "T5": 1.0095377382003778, "T6": 1.0095377382003778, "T7": 1.0095377382003778, "T8": 1.0095377382003778, "T9": 1.0095377382003778, "T10": 1.0095377382003778, "T11": 1.0095377382003778, "T12": 1.0095377382003778, "T13": 1.0095377382003778, "T14": 1.0095377382003778, "T15": 1.0095377382003778, "T16": 1.0095377382003778, "T17": 1.0095377382003778, "T18": 1.0095377382003778, "T19": 1.0095377382003778, "T20": 1.0095377382003778}, "target": 0.17463513176431794}