{"params": {"T0": 0.39985165315440085, "T1": 0.39985165315440085, "T2": 0.39985165315440085, "T3": 0.39985165315440085, "T4": 0.39985165315440085, "T5": 0.39985165315440085, "T6": 0.39985165315440085, "T7": 0.39985165315440085, "T8": 0.39985165315440085, "T9": 0.39985165315440085, "T10": 0.39985165315440085, "T11": 0.39985165315440085, "T12": 0.39985165315440085, "T13": 0.39985165315440085, "T14": 0.39985165315440085, "T15": 0.39985165315440085, "T16": 0.39985165315440085, "T17": 0.39985165315440085, "T18": 0.39985165315440085, "T19": 0.39985165315440085, "T20": 0.39985165315440085}, "target": 0.1103047728055488}