{"params": {"T0": 79.78492123915719, "T1": 79.78492123915719, "T2": 79.78492123915719, "T3": 79.78492123915719, "T4": 79.78492123915719, "T5": 79.78492123915719, "T6": 79.78492123915719, "T7": 79.78492123915719, "T8": 79.78492123915719, "T9": 79.78492123915719, "T10": 79.78492123915719, "T11": 79.78492123915719, "T12": 79.78492123915719, "T13": 79.78492123915719, "T14": 79.78492123915719, "T15": 79.78492123915719, "T16": 79.78492123915719, "T17": 79.78492123915719, "T18": 79.78492123915719, "T19": 79.78492123915719, "T20": 79.78492123915719}, "target": 0.14670235625998923}