{"params": {"T0": 1.2390976010997008, "T1": 1.2390976010997008, "T2": 1.2390976010997008, "T3": 1.2390976010997008, "T4": 1.2390976010997008, "T5": 1.2390976010997008, "T6": 1.2390976010997008, "T7": 1.2390976010997008, "T8": 1.2390976010997008, "T9": 1.2390976010997008, "T10": 1.2390976010997008, "T11": 1.2390976010997008, "T12": 1.2390976010997008, "T13": 1.2390976010997008, "T14": 1.2390976010997008, "T15": 1.2390976010997008, "T16": 1.2390976010997008, "T17": 1.2390976010997008, "T18": 1.2390976010997008, "T19": 1.2390976010997008, "T20": 1.2390976010997008}, "target": 0.12386110164345103}