{"params": {"T0": 159.99999999999994, "T1": 149.16307602209912, "T2": 117.50724666015986, "T3": 100.00000000000004, "T4": 100.00000000000004, "T5": 100.00000000000004, "T6": 100.00000000000004, "T7": 100.00000000000004, "T8": 108.78205270483218, "T9": 100.00000000000004, "T10": 100.00000000000004, "T11": 100.00000000000004, "T12": 100.00000000000004, "T13": 106.07749443506049, "T14": 100.00000000000004, "T15": 100.00000000000004, "T16": 100.00000000000004, "T17": 100.00000000000004, "T18": 130.31728701202516, "T19": 100.00000000000004, "T20": 105.45033216637651}, "target": 0.21227635897375005}