{"params": {"T0": 0.6398893554758884, "T1": 0.6398893554758884, "T2": 0.6398893554758884, "T3": 0.6398893554758884, "T4": 0.6398893554758884, "T5": 0.6398893554758884, "T6": 0.6398893554758884, "T7": 0.6398893554758884, "T8": 0.6398893554758884, "T9": 0.6398893554758884, "T10": 0.6398893554758884, "T11": 0.6398893554758884, "T12": 0.6398893554758884, "T13": 0.6398893554758884, "T14": 0.6398893554758884, "T15": 0.6398893554758884, "T16": 0.6398893554758884, "T17": 0.6398893554758884, "T18": 0.6398893554758884, "T19": 0.6398893554758884, "T20": 0.6398893554758884}, "target": 0.1534462676660287}