{"params": {"T0": 2.0, "T1": 1.2516401080243478, "T2": 0.9806203674730156, "T3": 0.18696670966264048, "T4": 0.2875441545276953, "T5": 0.4014455881331286, "T6": 0.10000000000000002, "T7": 0.32902674935490017, "T8": 0.5395288808173336, "T9": 0.10000000000000002, "T10": 0.17715439209827105, "T11": 0.10000000000000002, "T12": 0.10000000000000002, "T13": 0.3934113688774139, "T14": 0.10000000000000002, "T15": 0.10000000000000002, "T16": 0.10000000000000002, "T17": 0.10000000000000002, "T18": 0.10000000000000002, "T19": 0.10000000000000002, "T20": 0.10000000000000002}, "target": 0.08414227007139725}