{"params": {"T0": 159.99999999999994, "T1": 147.99310383002427, "T2": 100.00000000000004, "T3": 100.00000000000004, "T4": 100.00000000000004, "T5": 100.00000000000004, "T6": 111.9456911842862, "T7": 100.00000000000004, "T8": 100.00000000000004, "T9": 100.00000000000004, "T10": 100.00000000000004, "T11": 101.92034865538734, "T12": 100.00000000000004, "T13": 100.00000000000004, "T14": 100.00000000000004, "T15": 100.00000000000004, "T16": 100.00000000000004, "T17": 100.00000000000004, "T18": 100.00000000000004, "T19": 100.00000000000004, "T20": 100.00000000000004}, "target": 0.1765069044491244}