{"params": {"T0": 0.6912964310788738, "T1": 0.6912964310788738, "T2": 0.6912964310788738, "T3": 0.6912964310788738, "T4": 0.6912964310788738, "T5": 0.6912964310788738, "T6": 0.6912964310788738, "T7": 0.6912964310788738, "T8": 0.6912964310788738, "T9": 0.6912964310788738, "T10": 0.6912964310788738, "T11": 0.6912964310788738, "T12": 0.6912964310788738, "T13": 0.6912964310788738, "T14": 0.6912964310788738, "T15": 0.6912964310788738, "T16": 0.6912964310788738, "T17": 0.6912964310788738, "T18": 0.6912964310788738, "T19": 0.6912964310788738, "T20": 0.6912964310788738}, "target": 0.09798471583043644}