{"params": {"T0": 1.5, "T1": 1.5, "T2": 1.5, "T3": 0.0641921491268687, "T4": 0.010000000000000004, "T5": 1.5, "T6": 0.16634775603129615, "T7": 0.12718097024110914, "T8": 0.23805960228016437, "T9": 1.5, "T10": 1.5, "T11": 0.010000000000000004, "T12": 0.010000000000000004, "T13": 0.10600062601792197, "T14": 0.010000000000000004, "T15": 0.010000000000000004, "T16": 0.010000000000000004, "T17": 0.08426999950302767, "T18": 0.010000000000000004, "T19": 0.07501165530025303, "T20": 1.5}, "target": 0.11235945008339496}