{"params": {"T0": 1.5, "T1": 1.5, "T2": 1.5, "T3": 0.14087989167469495, "T4": 0.0688775199673703, "T5": 1.5, "T6": 1.5, "T7": 1.5, "T8": 1.5, "T9": 0.18017926075198162, "T10": 0.15887355772673722, "T11": 1.5, "T12": 0.010000000000000004, "T13": 0.16487428701093595, "T14": 0.34074411540179095, "T15": 0.010000000000000004, "T16": 0.06568041592248725, "T17": 0.22041487221743164, "T18": 0.010000000000000004, "T19": 0.24838914674194473, "T20": 0.31496316372112726}, "target": 0.11369907047753909}