{"params": {"T0": 2.1, "T1": 1.9753075756272045, "T2": 1.4449708018007184, "T3": 1.80763806233704, "T4": 0.6115790818073115, "T5": 0.8295392479304979, "T6": 1.5590756662826963, "T7": 1.7013009370912064, "T8": 0.6678782736350171, "T9": 1.248213081230954, "T10": 2.1, "T11": 1.45411583995965, "T12": 2.1, "T13": 2.1, "T14": 0.6182427777234931, "T15": 0.5, "T16": 0.5, "T17": 0.5, "T18": 2.1, "T19": 0.59313057587273, "T20": 2.1}, "target": 0.11031722611208739}