{"params": {"T0": 0.010000000000000004, "T1": 0.010000000000000004, "T2": 0.010000000000000004, "T3": 0.010000000000000004, "T4": 0.010000000000000004, "T5": 0.010000000000000004, "T6": 0.010000000000000004, "T7": 0.010000000000000004, "T8": 0.010000000000000004, "T9": 0.010000000000000004, "T10": 0.010000000000000004, "T11": 0.010000000000000004, "T12": 0.010000000000000004, "T13": 0.010000000000000004, "T14": 0.010000000000000004, "T15": 0.010000000000000004, "T16": 0.010000000000000004, "T17": 0.010000000000000004, "T18": 0.010000000000000004, "T19": 0.010000000000000004, "T20": 0.010000000000000004}, "target": 0.12025832714004112}